<list><string>__overwrite_all__</string><map><string name='ip_prefix'>17951</string><string name='groupid'>CMCC</string><string name='mccmnc'>46000</string></map><map><string name='ip_prefix'>17911</string><string name='groupid'>ChinaUnicom</string><string name='mccmnc'>46001</string></map><map><string name='ip_prefix'>17951</string><string name='groupid'>CMCC</string><string name='mccmnc'>46002</string></map><map><string name='ip_prefix'>17951</string><string name='groupid'>CMCC</string><string name='mccmnc'>46007</string></map><string>__overwrite_all__</string><map><string name='ip_prefix'>17951</string><string name='groupid'>CMCC</string><string name='mccmnc'>46000</string></map><map><string name='ip_prefix'>17911</string><string name='groupid'>ChinaUnicom</string><string name='mccmnc'>46001</string></map><map><string name='ip_prefix'>17951</string><string name='groupid'>CMCC</string><string name='mccmnc'>46002</string></map><map><string name='ip_prefix'>17951</string><string name='groupid'>CMCC</string><string name='mccmnc'>46007</string></map></list>