<list><string>__overwrite_all__</string><map><string name='title'>摩托罗拉3G世界</string><string name='bookmark'>1</string><string name='url'>http://3g.himoto.cn/</string></map><map><string name='title'>MOTO官网手机版</string><string name='bookmark'>1</string><string name='url'>http://3g.motorola.com.cn/</string></map><map><string name='title'>MOTO一族手机版</string><string name='bookmark'>1</string><string name='url'>http://3g.joinmoto.motorola.com.cn/</string></map><map><string name='title'>手机开心网</string><string name='bookmark'>1</string><string name='url'>http://wap.kaixin001.com</string></map><map><string name='title'>手机版51</string><string name='bookmark'>1</string><string name='url'>http://wap.51.com/?_sid=motophone</string></map><map><string name='title'>百度</string><string name='bookmark'>1</string><string name='url'>http://baidu.mobi/?from=304e</string></map><map><string name='title'>和讯网</string><string name='bookmark'>1</string><string name='url'>http://wap.hexun.com/</string></map><map><string name='title'>手机新浪网</string><string name='bookmark'>1</string><string name='url'>http://3g.sina.com.cn/?vt=4</string></map><map><string name='title'>手机搜狐网</string><string name='bookmark'>1</string><string name='url'>http://wap.sohu.com/</string></map><map><string name='title'>手机凤凰网</string><string name='bookmark'>1</string><string name='url'>http://wap.ifeng.com/</string></map><map><string name='title'>手机腾讯网</string><string name='bookmark'>1</string><string name='url'>http://3g.qq.com/</string></map><map><string name='title'>手机人人网</string><string name='bookmark'>1</string><string name='url'>http://m.renren.com/</string></map><map><string name='title'>淘宝网</string><string name='bookmark'>1</string><string name='url'>http://m.taobao.com/</string></map><map><string name='title'>3G门户</string><string name='bookmark'>1</string><string name='url'>http://3g.cn/</string></map><map><string name='title'>优酷</string><string name='bookmark'>1</string><string name='url'>http://youku.com/</string></map><map><string name='title'>奇艺</string><string name='bookmark'>1</string><string name='url'>http://qiyi.com/</string></map><map><string name='title'>赶集网</string><string name='bookmark'>1</string><string name='url'>http://ganji.cn/</string></map><string>__overwrite_all__</string><map><string name='title'>摩托罗拉3G世界</string><string name='bookmark'>1</string><string name='url'>http://3g.himoto.cn/</string></map><map><string name='title'>MOTO官网手机版</string><string name='bookmark'>1</string><string name='url'>http://3g.motorola.com.cn/</string></map><map><string name='title'>MOTO一族手机版</string><string name='bookmark'>1</string><string name='url'>http://3g.joinmoto.motorola.com.cn/</string></map><map><string name='title'>手机开心网</string><string name='bookmark'>1</string><string name='url'>http://wap.kaixin001.com</string></map><map><string name='title'>手机版51</string><string name='bookmark'>1</string><string name='url'>http://wap.51.com/?_sid=motophone</string></map><map><string name='title'>百度</string><string name='bookmark'>1</string><string name='url'>http://baidu.mobi/?from=304e</string></map><map><string name='title'>和讯网</string><string name='bookmark'>1</string><string name='url'>http://wap.hexun.com/</string></map><map><string name='title'>手机新浪网</string><string name='bookmark'>1</string><string name='url'>http://3g.sina.com.cn/?vt=4</string></map><map><string name='title'>手机搜狐网</string><string name='bookmark'>1</string><string name='url'>http://wap.sohu.com/</string></map><map><string name='title'>手机凤凰网</string><string name='bookmark'>1</string><string name='url'>http://wap.ifeng.com/</string></map><map><string name='title'>手机腾讯网</string><string name='bookmark'>1</string><string name='url'>http://3g.qq.com/</string></map><map><string name='title'>手机人人网</string><string name='bookmark'>1</string><string name='url'>http://m.renren.com/</string></map><map><string name='title'>淘宝网</string><string name='bookmark'>1</string><string name='url'>http://m.taobao.com/</string></map><map><string name='title'>3G门户</string><string name='bookmark'>1</string><string name='url'>http://3g.cn/</string></map><map><string name='title'>优酷</string><string name='bookmark'>1</string><string name='url'>http://youku.com/</string></map><map><string name='title'>奇艺</string><string name='bookmark'>1</string><string name='url'>http://qiyi.com/</string></map><map><string name='title'>赶集网</string><string name='bookmark'>1</string><string name='url'>http://ganji.cn/</string></map></list>